Init,Open,Open_Complete,Run,Buffer,Open_to_render,IsHandshakeVerified,SetLogging,SetVCASCommunicationHandlerSettings,ConnectAndProvisionDevice,IsDeviceProvisioned,CheckVCASConnection,Decrypt
58,75,295,95,7417,7898,0.0, ,406.0, , ,724.0,122.0
43,125,998,91,11747,12953,1.0,1.0,257.0, , ,753.0,880.0
84,125,998,91,11747,12953,1.0,1.0,257.0, , ,753.0,880.0
63,105,348,105,6734,7308,1.0, ,247.0, , ,30.0,266.0
60,91,378,86,10029,9260,1.0, ,299.0, , ,394.0,247.0
76,83,332,99,8676,9260,0.0, ,785.0, , ,607.0,319.0
62,70,387,84,6934,7521,0.0, ,312.0, , ,853.0,335.0
39,69,298,97,6432,6945,0.0, ,320.0, , ,91.0,350.0
62,76,367,87,8050,8582,1.0, ,338.0, , ,681.0,283.0
76,101,352,83,9151,9710,0.0, ,917.0, , ,847.0,329.0
47,73,341,87,9029,9628,1.0, ,676.0, , ,205.0,284.0
